{
  "name": "font-awesome",
  "version": "1.0.1",
  "description": "An HTML import for Font-Awesome",
  "authors": [
    "http://fontawesome.io/"
  ],
  "keywords": [
    "font",
    "roboto"
  ],
  "repository": {
    "type": "git",
    "url": "https://github.com/FortAwesome/Font-Awesome.git"
  },
  "main": "font-awesome.html",
  "license": "http://fontawesome.io/license/",
  "homepage": "https://github.com/FortAwesome/Font-Awesome",
  "ignore": [
    "/.*"
  ],
  "_release": "4.7.0",
  "_resolution": {
    "type": "version",
    "tag": "v4.7.0",
    "commit": "6d4db4d"
  },
  "_source": "git://github.com/FortAwesome/Font-Awesome.git",
  "_target": "^4.7.0",
  "_originalSource": "https://github.com/FortAwesome/Font-Awesome.git"
}